{"cameraMode":{"drawMode":0,"name":"Shaded","section":"Shading Mode"},"sceneLighting":true,"audioPlay":false,"sceneViewState":{"showFog":true,"showMaterialUpdate":false,"showSkybox":true,"showFlares":true,"showImageEffects":true,"showParticleSystems":true},"in2DMode":false,"pivot":{"x":-2.136040687561035,"y":-2.932508945465088,"z":-10.338170051574707},"rotation":{"x":0.19053469598293305,"y":0.3669033944606781,"z":-0.07705284655094147,"w":0.9072713851928711},"size":75.25382995605469,"orthographic":false}